{
	"bombs": [  
	{
		"idname":"USA",
		"genome1000ID" : "ASW",
		"Description" : "African Ancestry in Southwest US placed at Congo[Republic]",
		"PopulationCount" : 112,
		"radius" : 16,
		"fillKey" : "USA",
		"latitude" : -0.228021,
		"longitude" : 15.827659 
	},
	{  
		"idname":"BRB",
		"genome1000ID":"ACB",
		"Description":"African Caribbean in Barbados placed at Barbados",
		"PopulationCount":123,
		"radius":17,
		"fillKey" : "USA",
		"latitude":13.193887,
		"longitude":-59.543198
      	}]
}